{
    "new_sequence_chance": 0.0027601706937285236,
    "random_char_change_chance": 0.0126347509768782,
    "time_between_frames": 0.044117647058823525,
    "min_sequence_length": 3,
    "max_sequence_length": 25,
    "min_sequence_speed": 0.05,
    "max_sequence_speed": 0.5,
    "amount_of_columns": 179,
    "amount_of_rows": 51,
    "mode": true,
    "auto_size": false,
    "characters": "\uff8a\uff90\uff8b\uff70\uff73\uff7c\uff85\uff93\uff86\uff7b\uff9c\uff82\uff75\uff98\uff71\uff8e\uff83\uff8f\uff79\uff92\uff74\uff76\uff77\uff91\uff95\uff97\uff7e\uff88\uff7d\uff80\uff87\uff8d\uff66\uff72\uff78\uff7a\uff7f\uff81\uff84\uff89\uff8c\uffa4\uffa8\uff9b\uff9d012345789:.=*+-<>",
    "colors": [
        "\u001b[1;38;2;210;255;210m",
        "\u001b[38;2;0;255;0m",
        "\u001b[38;2;0;208;0m",
        "\u001b[38;2;0;176;0m",
        "\u001b[38;2;0;144;0m",
        "\u001b[38;2;0;112;0m",
        "\u001b[38;2;0;80;0m",
        "\u001b[38;2;0;48;0m",
        "\u001b[38;2;0;16;0m"
    ],
    "background_brightness_reduction": [
        0.7,
        0.5,
        0.3
    ],
    "background_colors": [
        [
            "\u001b[38;2;178;178;178m",
            "\u001b[38;2;0;178;0m",
            "\u001b[38;2;0;145;0m",
            "\u001b[38;2;0;123;0m",
            "\u001b[38;2;0;100;0m",
            "\u001b[38;2;0;78;0m",
            "\u001b[38;2;0;56;0m",
            "\u001b[38;2;0;33;0m",
            "\u001b[38;2;0;11;0m"
        ],
        [
            "\u001b[38;2;127;127;127m",
            "\u001b[38;2;0;127;0m",
            "\u001b[38;2;0;104;0m",
            "\u001b[38;2;0;88;0m",
            "\u001b[38;2;0;72;0m",
            "\u001b[38;2;0;56;0m",
            "\u001b[38;2;0;40;0m",
            "\u001b[38;2;0;24;0m",
            "\u001b[38;2;0;8;0m"
        ],
        [
            "\u001b[38;2;76;76;76m",
            "\u001b[38;2;0;76;0m",
            "\u001b[38;2;0;62;0m",
            "\u001b[38;2;0;52;0m",
            "\u001b[38;2;0;43;0m",
            "\u001b[38;2;0;33;0m",
            "\u001b[38;2;0;24;0m",
            "\u001b[38;2;0;14;0m",
            "\u001b[38;2;0;4;0m"
        ]
    ],
    "background_chance": 0.6,
    "extended_color_cache": {},
    "file_is_valid": true,
    "folder_is_valid": true
}