{
    "new_sequence_chance": 0.0027601706937285236,
    "random_char_change_chance": 0.0126347509768782,
    "time_between_frames": 0.044117647058823525,
    "min_sequence_length": 3,
    "max_sequence_length": 25,
    "min_sequence_speed": 0.05,
    "max_sequence_speed": 0.5,
    "amount_of_columns": 161,
    "amount_of_rows": 52,
    "mode": true,
    "auto_size": false,
    "characters": "\uff8a\uff90\uff8b\uff70\uff73\uff7c\uff85\uff93\uff86\uff7b\uff9c\uff82\uff75\uff98\uff71\uff8e\uff83\uff8f\uff79\uff92\uff74\uff76\uff77\uff91\uff95\uff97\uff7e\uff88\uff7d\uff80\uff87\uff8d\uff66\uff72\uff78\uff7a\uff7f\uff81\uff84\uff89\uff8c\uffa4\uffa8\uff9b\uff9d012345789:.=*+-<>",
    "colors": [
        "\u001b[1;38;2;210;255;210m",
        "\u001b[38;2;0;255;0m",
        "\u001b[38;2;0;208;0m",
        "\u001b[38;2;0;176;0m",
        "\u001b[38;2;0;144;0m",
        "\u001b[38;2;0;112;0m",
        "\u001b[38;2;0;80;0m",
        "\u001b[38;2;0;48;0m",
        "\u001b[38;2;0;24;0m"
    ],
    "background_brightness_reduction": [
        0.7
    ],
    "background_colors": [
        [
            "\u001b[38;2;204;204;204m",
            "\u001b[38;2;0;204;0m",
            "\u001b[38;2;0;166;0m",
            "\u001b[38;2;0;140;0m",
            "\u001b[38;2;0;115;0m",
            "\u001b[38;2;0;89;0m",
            "\u001b[38;2;0;64;0m",
            "\u001b[38;2;0;38;0m",
            "\u001b[38;2;0;12;0m"
        ],
        [
            "\u001b[38;2;153;153;153m",
            "\u001b[38;2;0;153;0m",
            "\u001b[38;2;0;124;0m",
            "\u001b[38;2;0;105;0m",
            "\u001b[38;2;0;86;0m",
            "\u001b[38;2;0;67;0m",
            "\u001b[38;2;0;48;0m",
            "\u001b[38;2;0;28;0m",
            "\u001b[38;2;0;9;0m"
        ]
    ],
    "background_chance": 0.0,
    "extended_color_cache": {},
    "file_is_valid": true,
    "folder_is_valid": true
}